source	queue_depth	mixed_inflight	strong_hot_inflight	strong_cold_inflight	strong_cold_ratio	mode	runs	elapsed_time_mean_s	total_hot_requests_mean	avg_latency_mean_us	avg_latency_std_us	p95_mean_us	p95_std_us	p99_mean_us	p99_std_us	hot_throughput_mean_mb_s	hot_throughput_std_mb_s	cold_throughput_mean_mb_s	cold_throughput_std_mb_s	hot_thread_errors_sum	cold_thread_errors_sum
20260417-025935	32	32	32	16	0.50	hot-only	5	5.041	338048.00	19059.99	3477.16	69968.20	8762.91	105503.60	21213.81	261.96	28.55	0.00	0.00	0	0
20260417-025935	32	32	32	16	0.50	mixed	5	5.115	46732.00	126726.84	49098.41	280577.20	82379.23	326535.20	101865.96	35.74	6.77	3252.60	314.00	0	0
20260417-025935	32	32	32	16	0.50	strong-i	5	5.052	128679.80	16243.45	6883.51	31244.60	5717.51	34337.00	5971.53	99.51	23.19	2882.01	440.41	0	0
20260417-030546	32	32	32	24	0.75	hot-only	5	5.055	381087.00	18374.89	2944.60	62456.00	2877.22	98769.60	17574.88	294.51	7.72	0.00	0.00	0	0
20260417-030546	32	32	32	24	0.75	mixed	5	5.135	41528.00	170678.89	94349.23	294245.80	119091.31	336548.00	127185.79	31.62	5.23	2971.26	369.08	0	0
20260417-030546	32	32	32	24	0.75	strong-i	5	5.056	154705.40	13599.91	1617.83	27823.80	1680.22	31447.40	2107.19	119.53	16.01	3142.98	211.30	0	0
20260417-031004	16	16	16	12	0.75	hot-only	5	5.027	397245.00	10902.09	1659.97	30123.20	3657.65	38752.40	4406.84	308.69	37.31	0.00	0.00	0	0
20260417-031004	16	16	16	12	0.75	mixed	5	5.053	44061.20	40366.91	8976.83	165710.80	22249.37	208285.60	18108.56	34.08	6.43	3157.19	180.02	0	0
20260417-031004	16	16	16	12	0.75	strong-i	5	5.047	130881.60	14611.65	5044.86	27164.00	3284.71	29776.60	2317.89	101.31	16.41	3044.14	493.11	0	0
20260417-031422	16	16	16	8	0.50	hot-only	5	5.028	372082.80	11887.93	978.08	31866.80	1144.44	41039.20	1562.88	289.07	7.86	0.00	0.00	0	0
20260417-031422	16	16	16	8	0.50	mixed	5	5.049	43945.60	37978.38	8067.18	169650.40	18241.57	202629.20	22082.83	34.01	4.48	3257.75	299.18	0	0
20260417-031422	16	16	16	8	0.50	strong-i	5	5.041	131737.60	16813.57	8077.72	27426.00	6010.27	28700.40	5227.78	102.05	31.10	3065.01	173.43	0	0
20260417-032941	64	64	64	48	0.75	hot-only	5	5.095	373689.20	84822.67	12576.27	135621.00	4520.13	284309.80	50071.86	286.43	13.74	0.00	0.00	0	0
20260417-032941	64	64	64	48	0.75	mixed	5	5.222	47858.80	389041.55	131370.92	554092.40	192434.03	580605.60	203886.79	35.80	1.06	3165.48	131.29	0	0
20260417-032941	64	64	64	48	0.75	strong-i	5	5.068	97344.00	32201.68	4007.05	43233.60	2246.09	47308.20	4019.96	75.04	3.39	3102.22	201.95	0	0
20260417-033525	64	64	64	32	0.50	hot-only	5	5.094	410896.00	67052.46	18472.18	119380.20	15361.09	275281.20	34783.96	315.15	37.23	0.00	0.00	0	0
20260417-033525	64	64	64	32	0.50	mixed	5	5.227	46672.60	460743.93	168175.66	669471.00	243068.61	685546.00	240863.85	34.88	2.19	3087.99	175.00	0	0
20260417-033525	64	64	64	32	0.50	strong-i	5	5.077	135536.00	21755.97	6573.22	41108.20	11755.95	56747.40	10972.29	104.32	25.21	1579.69	216.79	0	0
20260417-034056	128	128	128	64	0.50	hot-only	5	5.276	391369.80	225790.68	3878.76	272971.20	8786.28	459101.20	18995.95	289.78	5.51	0.00	0.00	0	0
20260417-034056	128	128	128	64	0.50	mixed	5	5.581	42614.00	706053.79	288573.96	981355.40	424066.05	1002832.40	424146.67	29.83	1.21	2712.84	351.29	0	0
20260417-034056	128	128	128	64	0.50	strong-i	5	5.084	44324.00	84699.23	12779.18	127366.60	3194.86	139664.80	2995.20	34.06	1.28	3228.67	122.96	0	0
20260417-034514	128	128	128	96	0.75	hot-only	5	5.259	396997.40	222577.06	6495.10	264752.60	13327.90	407092.20	55077.37	294.87	10.19	0.00	0.00	0	0
20260417-034514	128	128	128	96	0.75	mixed	5	5.621	43398.20	540151.40	217463.00	777435.40	143823.52	794236.80	139005.91	30.19	2.56	3010.04	351.07	0	0
20260417-034514	128	128	128	96	0.75	strong-i	5	5.097	43163.20	96438.97	10270.24	132985.60	7726.30	142714.00	8894.63	33.08	1.51	3144.67	145.76	0	0
20260419-012256	33	32	32	16	0.50	hot-only	5	0.146	9987.60	33636.35	5273.70	63684.80	9206.29	82658.80	24779.43	272.62	48.39	0.00	0.00	0	0
20260419-012256	33	32	32	16	0.50	mixed	5	3.045	10000.00	258288.65	68316.42	346438.80	100008.68	358409.40	100172.03	12.91	1.16	2477.98	221.72	0	0
20260419-012256	33	32	32	16	0.50	strong-i	5	2.608	10000.00	14465.29	4170.45	25180.60	5495.20	29780.20	5556.67	15.16	1.77	2909.27	340.31	0	0
20260419-012626	33	32	32	24	0.75	hot-only	5	0.155	9989.40	33144.16	2626.13	68307.40	3134.17	89964.40	14694.32	252.16	16.25	0.00	0.00	0	0
20260419-012626	33	32	32	24	0.75	mixed	5	2.927	10000.00	192790.76	54408.23	252532.40	64565.92	263541.80	68143.99	13.45	1.34	2582.23	257.96	0	0
20260419-012626	33	32	32	24	0.75	strong-i	5	2.829	10000.00	15692.16	2691.24	27932.20	3036.42	30516.20	2285.89	14.03	2.12	2692.82	407.11	0	0
20260419-012959	17	16	16	12	0.75	hot-only	5	0.156	9989.60	21458.65	3568.67	38405.60	6564.47	45028.60	8634.36	250.85	20.52	0.00	0.00	0	0
20260419-012959	17	16	16	12	0.75	mixed	5	2.814	10000.00	90263.55	26632.38	172513.80	42454.38	191801.80	49790.64	13.92	0.77	2671.19	148.52	0	0
20260419-012959	17	16	16	12	0.75	strong-i	5	2.993	10000.00	15312.08	5617.79	23323.20	6377.65	26576.20	5116.85	13.49	2.63	2590.27	505.02	0	0
20260419-013331	17	16	16	8	0.50	hot-only	5	0.153	9990.80	18266.44	2335.97	36494.80	2075.16	44117.00	4554.19	255.55	4.88	0.00	0.00	0	0
20260419-013331	17	16	16	8	0.50	mixed	5	2.886	10000.00	98998.78	41651.92	196502.60	50930.99	226775.80	64169.72	13.55	0.58	2601.89	112.44	0	0
20260419-013331	17	16	16	8	0.50	strong-i	5	2.328	10000.00	13668.03	3060.31	21887.20	3587.73	24726.60	3608.82	16.83	1.04	3231.74	198.80	0	0
20260419-013745	65	64	64	32	0.50	hot-only	5	0.143	9992.60	58340.33	2528.71	103964.20	3126.02	115458.80	4924.59	273.72	7.54	0.00	0.00	0	0
20260419-013745	65	64	64	32	0.50	mixed	5	2.768	10000.00	326798.01	50612.33	447935.60	66250.39	466720.80	69621.60	14.40	2.49	2764.15	478.73	0	0
20260419-013745	65	64	64	32	0.50	strong-i	5	2.539	10000.00	17359.89	4854.51	33045.20	8790.26	46695.60	13504.83	15.90	3.37	3053.51	646.32	0	0
20260419-014109	65	64	64	48	0.75	hot-only	5	0.146	9989.00	58049.13	1682.39	104708.20	1516.42	118403.00	7457.36	268.28	10.94	0.00	0.00	0	0
20260419-014109	65	64	64	48	0.75	mixed	5	2.890	10000.00	339315.00	59032.07	445271.00	85238.28	461400.00	83732.37	13.55	0.74	2601.63	143.07	0	0
20260419-014109	65	64	64	48	0.75	strong-i	5	2.658	10000.00	35949.50	4134.49	53292.40	4367.53	60547.60	10323.93	14.86	1.69	2852.79	323.64	0	0
20260419-031650	128	128	128	64	0.50	hot-only	5	0.153	9998.40	62861.93	4052.05	118037.20	6726.92	132986.40	8221.48	255.52	12.96	0.00	0.00	0	0
20260419-031650	128	128	128	64	0.50	mixed	5	2.645	10000.00	486082.78	76114.24	730300.40	119654.20	747468.80	126110.41	15.15	2.84	2907.63	544.79	0	0
20260419-031650	128	128	128	64	0.50	strong-i	5	2.631	10000.00	87156.29	15353.71	144210.20	26174.74	150326.60	27241.69	15.20	2.59	2917.07	497.21	0	0
20260419-032120	128	128	128	96	0.75	hot-only	5	0.144	9999.60	62103.11	785.38	116204.60	1797.16	126062.40	2223.56	271.40	7.12	0.00	0.00	0	0
20260419-032120	128	128	128	96	0.75	mixed	5	2.760	10000.00	494210.00	83996.41	753242.60	145543.45	772803.40	143842.73	14.49	2.75	2781.36	527.39	0	0
20260419-032120	128	128	128	96	0.75	strong-i	5	2.445	10000.00	87727.70	9638.39	131194.40	6140.19	140516.40	10176.09	15.99	0.60	3070.66	114.65	0	0
20260419-050155	16	16	16	16	1.00	strong-i	5	5.042	142731.00	12993.50	5840.78	23759.40	3647.54	27710.80	1983.74	112.31	19.81	3241.92	238.85	0	0
20260419-050155	32	32	32	32	1.00	strong-i	5	5.070	130491.20	17109.63	4125.00	29668.00	3417.66	33865.00	1836.44	100.55	15.80	3037.60	184.01	0	0
20260419-050155	64	64	64	64	1.00	strong-i	5	5.090	41516.40	74737.63	9958.87	103625.00	14052.70	112511.80	15252.01	31.86	3.68	3019.38	350.48	0	0
20260419-050155	128	128	128	128	1.00	strong-i	5	5.114	44284.80	101135.37	17103.79	130215.00	8801.25	136707.40	9970.86	33.83	2.26	3221.72	231.24	0	0
20260419-051215	16	16	16	16	1.00	strong-i	5	2.308	10000.00	11721.67	2297.60	19386.20	2538.58	21600.80	2214.82	16.95	0.76	3253.91	145.09	0	0
20260419-051215	32	32	32	32	1.00	strong-i	5	2.524	10000.00	12321.21	2812.93	24104.40	3689.18	31035.80	4393.69	15.50	0.72	2976.41	139.23	0	0
20260419-051215	64	64	64	64	1.00	strong-i	5	2.457	10000.00	74709.95	6718.59	103055.40	4838.14	113161.20	13239.60	15.92	0.67	3056.97	129.34	0	0
20260419-051215	128	128	128	128	1.00	strong-i	5	2.438	10000.00	92019.92	12406.09	127017.00	12016.32	133447.20	11896.34	16.09	1.12	3089.02	216.00	0	0
